Timestamp,Are you located in Israel at the moment?,What's you gender?,What's your age?,Which of the following describe best your company's industry?,What's your company's estimated ARR?,How many employees does your company has?,What's the company business model?,What's the company stage?,What's your title?,How many years do you work in your current company?,What's your seniority? ,"In addition to Product Marketing, what kind of experince do you have?",How many years of experience do you have in product marketing? ,"How many years of experience do you have in other positions except product marketing (such as marketing, products, sale, etc.) ",Which department are you part of: ,How many people does your product marketing team has?,How many product do you support as a team?,What are your main responsibilities? ,Which of the following teams do you collaborate with most frequently?,"What is your current gross salary? Please use a 5-digit number and numbers only (e.g., 35000)","Estimated total value of all compensation in addition to base salary, such as options, equity, ESPP, bonuses?",Additional workplace benefits not included in base salary,Do you feel your salary reflects your experience and role?,Do you feel the Product Marketing role is well understood and clearly defined across your organization?,Anything else you would like to add?,Which if the following AI tools you use in a daily/weekly basis? ,Which topics would you like to become better at (using AI tools)? ,Do you use AI for automation? ,"If yes, please elaborate:","Thank your your honesty and great collaboration!
Anything else you would like to add?"
12/21/2025 15:17:45,Yes,Male,40-44,Information Technology & Services,$10M–$50M,201 - 500,B2B,Mid-growth with established go-to-market team,Director of Product Marketing,2,It's my first role as PMM,Marketing,1-3,6+,Marketing,8-10,5+,"Product positioning and messaging, Customer marketing, Creating sales collateral","Product, Marketing, Sales, Sales enablement, Business Development",37000,1000,"חל״ד לגברים, חדר כושר / Freefit",8,Clear for some,,"Chat GPT, Perplexity, Notebook LM","Learn how to automate repetitive tasks, Speed up content creation for launches, messaging, and campaigns",No,,
12/21/2025 16:05:58,Yes,Female,40-44,Information Technology & Services,Up to $10M,51 - 200,B2B,Mid-growth with established go-to-market team,Director of Product Marketing,1,"Senior leadership (Director, VP, C-level)",Marketing,6+,6+,Marketing,5-7,1,"Product positioning and messaging, Managing product launches, Customer and market research, Customer marketing, Upsell acceleration, Creating sales collateral, Content marketing, Website management, Storytelling, Reporting on product marketing success","Product, Marketing, Sales, Customer Success, Sales enablement, Business Development",40000,42000,,6,Clear for some,,"Chat GPT, Gemeni","Speed up content creation for launches, messaging, and campaigns, Improve collaboration with product, growth, and sales using shared AI workflows, Analyze data faster and reach better insights using AI tools",No,,
12/21/2025 17:11:21,Yes,Male,40-44,Fintech,$250M–$500M,"501 - 1,000",B2B,Public company,Director of Product Marketing,4,"Senior leadership (Director, VP, C-level)",Marketing,6+,6+,Marketing,5-7,5+,"Product positioning and messaging, Managing product launches, Customer and market research, Upsell acceleration, Creating sales collateral, Customers retention (PLG & SLG support), Product roadmap planning, Storytelling","Product, Marketing, Sales, Customer Success, Sales enablement, Business Development",43000,60000,"חל״ד לגברים, קורסים והכשרות, ימי חופש ללא הגבלה, חדר כושר / Freefit",8,Clear for everyone,,"Claude, Chat GPT, Gemeni","Discover AI tools for better customer insights, Analyze data faster and reach better insights using AI tools",No,,
12/21/2025 22:20:14,Yes,Female,40-44,Marketing & Advertising,$250M–$500M,"1,001 - 5,000",B2B,Late growth/scale up,Director of Product Marketing,1.5,"Senior leadership (Director, VP, C-level)",Marketing,6+,1-3,Marketing,5-7,5+,"Product positioning and messaging, Managing product launches, Customer marketing, Upsell acceleration, Creating sales collateral, Customers retention (PLG & SLG support)","Product, Marketing, Sales, Customer Success, Sales enablement",39500,I have no idea,"קורסים והכשרות, חדר כושר / Freefit",4,Clear for everyone,Thank you!,"Chat GPT, Gemeni","Learn how to automate repetitive tasks, Analyze data faster and reach better insights using AI tools",No,,
12/22/2025 0:23:28,Yes,Male,35-39,Fintech,$10M–$50M,51 - 200,B2C,Late growth/scale up,Director of Product Marketing,3+,"Senior leadership (Director, VP, C-level)",Marketing,6+,0-1,Marketing,8-10,5+,"Product positioning and messaging, Managing product launches, Customer marketing, Upsell acceleration, Content marketing, Onboarding customers, Storytelling","Product, Marketing, Customer Success",43000,80000ils,,6,Clear for some,,"Chat GPT, Gemeni","Learn how to automate repetitive tasks, Improve collaboration with product, growth, and sales using shared AI workflows",No,,
12/22/2025 12:02:31,Yes,Female,35-39,Marketing & Advertising,$250M–$500M,"501 - 1,000",B2B,Public company,Director of Product Marketing,4,2-3 role as product marketing,Sales,6+,4-5,Product,2-4,5+,"Product positioning and messaging, Customer and market research, Product roadmap planning, Storytelling","Product, Marketing, Sales, Customer Success, Sales enablement",42000,47000,"חל״ד לגברים, קורסים והכשרות, חדר כושר / Freefit",10,Clear for some,,"Chat GPT, Canva, Notebook LM","Discover AI tools for better customer insights, Analyze data faster and reach better insights using AI tools",No,,
12/22/2025 23:15:30,Yes,Female,35-39,Computer Software,Up to $10M,11 - 50,B2B,Mid-growth with established go-to-market team,Director of Product Marketing,1 Month,"Mid-level management (lead, team lead)","Product, Consulting ",6+,1-3,Marketing,1,1,"Product positioning and messaging, Managing product launches, Customer and market research, Customer marketing, Creating sales collateral, Content marketing, Website management","Product, Marketing, Sales, Customer Success",44000,47000,,10,Clear for some,,"Chat GPT, Notebook LM","Learn how to automate repetitive tasks, Discover AI tools for better customer insights, Speed up content creation for launches, messaging, and campaigns, Improve collaboration with product, growth, and sales using shared AI workflows, Analyze data faster and reach better insights using AI tools",No,,
12/23/2025 19:36:42,Yes,Male,35-39,Marketing & Advertising,$10M–$50M,201 - 500,B2E,Late growth/scale up,Director of Product Marketing,1,"Senior leadership (Director, VP, C-level)",Marketing,6+,6+,CEO,1,3,"Product positioning and messaging, Managing product launches, Customer and market research, Upsell acceleration, Content marketing, Website management, Customers retention (PLG & SLG support), Storytelling","Product, Marketing, Sales",47000,130000,"תקציב למשרד בבית, קורסים והכשרות, טלפון",10,Clear for everyone,,"Claude, Gemeni, Notebook LM, gamma","Learn how to automate repetitive tasks, Speed up content creation for launches, messaging, and campaigns, Analyze data faster and reach better insights using AI tools",No,,
12/25/2025 22:47:24,Yes,Female,35-39,Pharmaceuticals,$100M–$250M,"10,000+",B2B,Public company,Director of Product Marketing,1,"Senior leadership (Director, VP, C-level)","Marketing, Sales, Customer Success / Support",6+,4-5,Marketing,2-4,5+,"Product positioning and messaging, Managing product launches, Creating sales collateral, Content marketing, Product roadmap planning, Storytelling, Reporting on product marketing success","Product, Marketing, Customer Success, Sales enablement, Delivery/operations",36500,38000,"חדר כושר / Freefit, קייטרינג",2,Clear for some,,"Claude, Chat GPT, Perplexity, Copilot","Learn how to automate repetitive tasks, Speed up content creation for launches, messaging, and campaigns, Improve collaboration with product, growth, and sales using shared AI workflows",No,,
12/30/2025 16:23:18,Yes,Female,40-44,Information Technology & Services,Up to $10M,11 - 50,B2B,Early post-product market fit,Director of Product Marketing,2,"Senior leadership (Director, VP, C-level)",Product,6+,4-5,Marketing,1,2,"Product positioning and messaging, Managing product launches, Customer and market research, Creating sales collateral, Content marketing, Reporting on product marketing success","Product, Marketing, Sales, Customer Success, R&D",40000,40000,Cibus,8,Clear for some,,"Claude, Chat GPT, Gemeni, Notion AI, Canva, Perplexity, Notebook LM","Learn how to automate repetitive tasks, Discover AI tools for better customer insights, Speed up content creation for launches, messaging, and campaigns, Improve collaboration with product, growth, and sales using shared AI workflows, Analyze data faster and reach better insights using AI tools",Yes,,
1/6/2026 12:09:51,Yes,Female,45-54,Computer Software,Up to $10M,11 - 50,B2E,Early pre-product market fit,Director of Product Marketing,10 months,"Senior leadership (Director, VP, C-level)","Marketing, Product, Technical writing and product content",4-5,6+,All of the above. Pre pmf after all,1,2,"Product positioning and messaging, Customer and market research, Creating sales collateral, Content marketing, Website management, Product roadmap planning, Storytelling, Technical writing and product content; sales enablement overall; everything marketing as it arises; events","Product, Sales",35000,0000,,5,Clear for some,,"Claude, Chat GPT, Gemeni, Notebook LM","Speed up content creation for launches, messaging, and campaigns",No,,
1/7/2026 2:06:50,Yes,Male,35-39,Computer Software,Don't Know,"1,001 - 5,000",B2B,Late growth/scale up,Director of Product Marketing,1.5,"Mid-level management (lead, team lead)","Marketing, Customer Success / Support",4-5,6+,Product,2-4,5+,"Product positioning and messaging, Managing product launches, Customer marketing, Upsell acceleration, Creating sales collateral, Customers retention (PLG & SLG support)","Product, Marketing, Customer Success, Sales enablement, Business Development",45000,"60,000","תקציב למשרד בבית, טלפון",4,Clear for a few,,"Chat GPT, Notion AI","Learn how to automate repetitive tasks, Discover AI tools for better customer insights, Speed up content creation for launches, messaging, and campaigns, Improve collaboration with product, growth, and sales using shared AI workflows, Analyze data faster and reach better insights using AI tools",No,,
1/18/2026 19:32:02,Yes,Male,55-64,Telecommunications,$100M–$250M,"1,001 - 5,000",B2B,Public company,Director of Product Marketing,3,2-3 role as product marketing,"Marketing, Sales, presales",6+,6+,Marketing,2-4,5+,"Product positioning and messaging, Customer and market research, Creating sales collateral, Content marketing, Storytelling, Reporting on product marketing success","Product, Marketing, Sales, Business Development",39000,40000,,5,Clear for a few,,"Claude, Chat GPT, Gemini, Canva, Perplexity, Notebook LM, gamma","Learn how to automate repetitive tasks, Discover AI tools for better customer insights, Improve collaboration with product, growth, and sales using shared AI workflows",No,,
12/22/2025 0:40:48,Yes,Female,30-34,Information Technology & Services,Up to $10M,11 - 50,B2B,Mid-growth with established go-to-market team,Head of Product Marketing,2,"Mid-level management (lead, team lead)",Marketing,6+,1-3,Marketing,2-4,1,"Product positioning and messaging, Managing product launches, Creating sales collateral, Storytelling","Product, Marketing, Sales",36000,N/A,,7,Clear for a few,,"Chat GPT, Canva","Learn how to automate repetitive tasks, Discover AI tools for better customer insights, Speed up content creation for launches, messaging, and campaigns, Improve collaboration with product, growth, and sales using shared AI workflows, Analyze data faster and reach better insights using AI tools",No,,
12/21/2025 16:57:07,Yes,Male,40-44,Media & Entertainment,$500M–$1B,"501 - 1,000",B2B,Mid-growth with established go-to-market team,Product Marketing Lead / Team Lead,2.5,"Mid-level management (lead, team lead)",Customer Success / Support,6+,6+,Marketing,5-7,5+,"Product positioning and messaging, Managing product launches, Customer marketing, Upsell acceleration, Creating sales collateral, Storytelling, Reporting on product marketing success","Product, Marketing, Customer Success, Sales enablement",40000,?,חדר כושר / Freefit,8,Clear for some,,"Chat GPT, Gemeni, Canva, Notebook LM","Learn how to automate repetitive tasks, Improve collaboration with product, growth, and sales using shared AI workflows",Yes,,
12/21/2025 17:26:18,Yes,Female,35-39,Fintech,$500M–$1B,"1,001 - 5,000",B2C,Public company,Product Marketing Lead / Team Lead,2,"Mid-level management (lead, team lead)",Marketing,6+,0-1,Marketing,8-10,4,"Product positioning and messaging, Managing product launches, Customer marketing, Upsell acceleration, Content marketing, Onboarding customers, Customers retention (PLG & SLG support), Storytelling","Product, Marketing",35000,38k,,8,Clear for some,,"Chat GPT, Gemeni","Learn how to automate repetitive tasks, Discover AI tools for better customer insights, Improve collaboration with product, growth, and sales using shared AI workflows",No,,
12/23/2025 13:45:21,Yes,Male,35-39,Information Technology & Services,$250M–$500M,"501 - 1,000",B2C,Public company,Product Marketing Lead / Team Lead,2,"Mid-level management (lead, team lead)",Marketing,6+,6+,Marketing,8-10,2,"Managing product launches, Customer and market research, Upsell acceleration, Creating sales collateral, Onboarding customers, Customers retention (PLG & SLG support), Reporting on product marketing success","Product, Sales",40000,48000,חדר כושר / Freefit,6,Clear for a few,,Chat GPT,"Learn how to automate repetitive tasks, Analyze data faster and reach better insights using AI tools",No,,
12/23/2025 16:47:18,Yes,Female,45-54,Fintech,$1B–$2B,"1,001 - 5,000",B2C,Public company,Product Marketing Lead / Team Lead,3,"Mid-level management (lead, team lead)",Marketing,4-5,6+,Marketing,5-7,3,"Product positioning and messaging, Managing product launches, Creating sales collateral, Website management","Product, Marketing, Sales, Customer Success, Business Development",37000,13000,"תקציב למשרד בבית, חל״ד לגברים, קורסים והכשרות, ימי חופש ללא הגבלה, חדר כושר / Freefit, Health insurance ",5,Clear for some,,"Chat GPT, Gemeni, Canva","Learn how to automate repetitive tasks, Discover AI tools for better customer insights, Improve collaboration with product, growth, and sales using shared AI workflows, Analyze data faster and reach better insights using AI tools",No,,You’re the best :)
12/25/2025 14:41:33,Yes,Female,40-44,B2C marketplace of freelancers,$1B–$2B,201 - 500,B2C,Public company,Product Marketing Lead / Team Lead,1,"Mid-level management (lead, team lead)",Customer Success / Support,6+,1-3,Cross,8-10,5+,"Product positioning and messaging, Managing product launches, Onboarding customers, Customers retention (PLG & SLG support), Communications, in-product experiences  ","Product, Marketing, Business Development",35000,not sure,חדר כושר / Freefit,4,Not clear at all,,Chat GPT,"Speed up content creation for launches, messaging, and campaigns, Analyze data faster and reach better insights using AI tools",No,,
12/25/2025 14:51:31,Yes,Male,40-44,Fintech,$1B–$2B,"1,001 - 5,000",B2C,Public company,Product Marketing Lead / Team Lead,1.5,"Mid-level management (lead, team lead)","Marketing, Sales",6+,4-5,Product,5-7,5+,"Product positioning and messaging, Managing product launches, Customer and market research, Customer marketing, Customers retention (PLG & SLG support), Product roadmap planning, Storytelling, Reporting on product marketing success","Product, Marketing",43000,51000,"קורסים והכשרות, טלפון, חדר כושר / Freefit",8,Clear for some,,"Chat GPT, Gemeni, Notebook LM","Speed up content creation for launches, messaging, and campaigns, Improve collaboration with product, growth, and sales using shared AI workflows, Analyze data faster and reach better insights using AI tools",Yes,,
12/25/2025 14:53:54,Yes,Male,40-44,Computer Software,$50M–$100M,51 - 200,B2B,Late growth/scale up,Product Marketing Lead / Team Lead,5,It's my first role as PMM,"Marketing, Sales, Customer Success / Support",1-3,6+,Marketing,2-4,5+,"Product positioning and messaging, Managing product launches, Customer and market research, Customer marketing, Upsell acceleration, Creating sales collateral, Customers retention (PLG & SLG support)","Product, Marketing, Sales",40000,800000,,8,Clear for some,,"Claude, Chat GPT, Gemeni, Notebook LM","Discover AI tools for better customer insights, Speed up content creation for launches, messaging, and campaigns, Analyze data faster and reach better insights using AI tools",No,,
12/27/2025 0:59:23,Yes,Female,40-44,Retail,$50M–$100M,51 - 200,B2B,Early post-product market fit,Product Marketing Lead / Team Lead,1,"Mid-level management (lead, team lead)","Marketing, Design / UX",6+,4-5,Marketing,1,1,"Product positioning and messaging, Customer and market research, Content marketing, Website management, Storytelling","Product, Sales, Sales enablement",30000,None,,8,Clear for some,,"Chat GPT, Gemeni, Canva","Learn how to automate repetitive tasks, Discover AI tools for better customer insights, Improve collaboration with product, growth, and sales using shared AI workflows",No,,
12/28/2025 21:49:57,Yes,Female,40-44,Information Technology & Services,$50M–$100M,201 - 500,B2B,Mid-growth with established go-to-market team,Product Marketing Lead / Team Lead,1.4,"Mid-level management (lead, team lead)","Marketing, Customer Success / Support",6+,4-5,Marketing,2-4,1,"Product positioning and messaging, Managing product launches, Creating sales collateral, Website management, Onboarding customers, Reporting on product marketing success","Product, Marketing, Sales",34000,Don’t know how much the options are worth ,,6,Clear for a few,,"Claude, Chat GPT, Gemeni, Perplexity, Notebook LM, gamma","Learn how to automate repetitive tasks, Speed up content creation for launches, messaging, and campaigns, Analyze data faster and reach better insights using AI tools",No,,
12/30/2025 22:30:10,Yes,Female,40-44,Computer Software,$10M–$50M,51 - 200,B2B,Early post-product market fit,Product Marketing Lead / Team Lead,0,"Mid-level management (lead, team lead)","Marketing, Data Analysis",4-5,6+,Marketing,5-7,1,"Product positioning and messaging, Managing product launches, Creating sales collateral, Content marketing, Onboarding customers, Customers retention (PLG & SLG support), Reporting on product marketing success","Product, Marketing, Sales, Sales enablement",40000,45000,,8,Clear for some,,"Chat GPT, Gemeni","Learn how to automate repetitive tasks, Discover AI tools for better customer insights, Speed up content creation for launches, messaging, and campaigns, Improve collaboration with product, growth, and sales using shared AI workflows, Analyze data faster and reach better insights using AI tools",No,,
1/5/2026 19:42:23,Yes,Female,35-39,Computer Software,$250M–$500M,"1,001 - 5,000",B2B,Late growth/scale up,Product Marketing Lead / Team Lead,1,"Mid-level management (lead, team lead)",Marketing,6+,6+,Marketing,8-10,5+,"Product positioning and messaging, Managing product launches, Customer and market research, Customer marketing, Upsell acceleration, Creating sales collateral, Customers retention (PLG & SLG support), Storytelling, Reporting on product marketing success","Product, Marketing, Sales, Customer Success, Sales enablement",41000,41000,"קורסים והכשרות, חדר כושר / Freefit, קייטרינג",9,Clear for some,,"Chat GPT, Gemeni, Video, design and presentations.. ","Learn how to automate repetitive tasks, Improve collaboration with product, growth, and sales using shared AI workflows",Yes,"We have gpts for content generation - web pages by templates, launches by platform, and emails. 
We have an internal tool to analyze sales calls
We automatically generate personalized presentations for sales(based on PMM templates..) etc. ",
1/6/2026 22:49:37,Yes,Female,40-44,Computer Software,$10M–$50M,51 - 200,B2B,Early post-product market fit,Product Marketing Lead / Team Lead,0,"Mid-level management (lead, team lead)",User Acquisition,4-5,6+,Marketing,1,1,"Product positioning and messaging, Managing product launches, Creating sales collateral, Onboarding customers, Customers retention (PLG & SLG support), Storytelling, Reporting on product marketing success","Product, Marketing, Sales, Sales enablement",40000,"It's a start up, so hard to say",,8,Clear for some,,"Chat GPT, Gemeni, Notebook LM, N8N","Learn how to automate repetitive tasks, Discover AI tools for better customer insights, Speed up content creation for launches, messaging, and campaigns, Improve collaboration with product, growth, and sales using shared AI workflows, Analyze data faster and reach better insights using AI tools",No,,
1/7/2026 12:33:35,Yes,Female,35-39,Computer Software,$10M–$50M,51 - 200,Both b2c and b2b,Mid-growth with established go-to-market team,Product Marketing Lead / Team Lead,2,"Mid-level management (lead, team lead)",Marketing,4-5,6+,Product,2-4,3,"Product positioning and messaging, Managing product launches, Customer and market research, Creating sales collateral, Website management, Storytelling, Reporting on product marketing success, Competitive, copy and creatives","Product, Marketing, Sales, Customer Success",37000,Not much since it's not public ,"תקציב למשרד בבית, ימי חופש ללא הגבלה, קייטרינג",7,Clear for some,,"Claude, Chat GPT, Gemeni, Perplexity, gamma","Discover AI tools for better customer insights, Speed up content creation for launches, messaging, and campaigns, Improve collaboration with product, growth, and sales using shared AI workflows, Analyze data faster and reach better insights using AI tools",No,,
1/8/2026 0:11:04,Yes,Male,40-44,Computer Software,$100M–$250M,201 - 500,B2B,Late growth/scale up,Product Marketing Lead / Team Lead,2,2-3 role as product marketing,Marketing,4-5,6+,Product,2-4,1,"Product positioning and messaging, Managing product launches, Upsell acceleration, Creating sales collateral, Storytelling","Product, Marketing, Sales enablement",39000,39000,"קורסים והכשרות, ימי חופש ללא הגבלה, חדר כושר / Freefit",8,Clear for some,,"Chat GPT, Gemeni, Perplexity, Notebook LM","Analyze data faster and reach better insights using AI tools, Real market and customer research without hallucinations ",No,,
1/8/2026 2:48:41,Yes,Male,35-39,Marketing & Advertising,$250M–$500M,"501 - 1,000",Both b2c and b2b,Mid-growth with established go-to-market team,Product Marketing Lead / Team Lead,3,"Mid-level management (lead, team lead)",None,6+,0-1,Marketing,2-4,1,"Product positioning and messaging, Managing product launches, Customer and market research, Creating sales collateral, Content marketing, Website management, Onboarding customers, Customers retention (PLG & SLG support), Product roadmap planning, Reporting on product marketing success","Product, Marketing, Sales, Sales enablement, Business Development",36000,None,,7,Clear for everyone,,"Claude, Chat GPT, Gemeni, Perplexity","Learn how to automate repetitive tasks, Improve collaboration with product, growth, and sales using shared AI workflows, Analyze data faster and reach better insights using AI tools",No,,
12/21/2025 15:56:32,Yes,Male,30-34,Computer Software,$100M–$250M,"501 - 1,000",B2B,Late growth/scale up,Product Marketing Manager,1.5,2-3 role as product marketing,Marketing,4-5,4-5,Marketing,2-4,5+,"Product positioning and messaging, Managing product launches, Customer and market research, Creating sales collateral, Storytelling","Product, Customer Success, Business Development, ",27000,"Not sure , really depends on IPO ",חדר כושר / Freefit,6,Clear for some,,"Claude, Chat GPT, Gemeni, gamma","Learn how to automate repetitive tasks, Speed up content creation for launches, messaging, and campaigns, Analyze data faster and reach better insights using AI tools",Yes,Designated agents for major tasks not E2E but intial structures ,
12/21/2025 16:50:19,Yes,Female,30-34,Marketing & Advertising,$250M–$500M,"501 - 1,000",B2B,Mid-growth with established go-to-market team,Product Marketing Manager,2,2-3 role as product marketing,Sales,1-3,1-3,Marketing,5-7,3,"Product positioning and messaging, Managing product launches, Customers retention (PLG & SLG support), Product roadmap planning, Storytelling, Reporting on product marketing success","Product, Marketing, Customer Success",26000,1,"טלפון, חדר כושר / Freefit",7,Clear for everyone,,"Claude, Chat GPT","Learn how to automate repetitive tasks, Improve collaboration with product, growth, and sales using shared AI workflows, Analyze data faster and reach better insights using AI tools",Yes,"Mainly projects in GPT
I also use Gamma for deck creation",
12/21/2025 16:52:37,Yes,Female,30-34,Computer & Network Security,$2B+,"5,001 - 10,000",B2B,Public company,Product Marketing Manager,1.5,It's my first role as PMM,Marketing,1-3,6+,Marketing,5-7,5+,Content marketing,"Marketing, R&D",29000,"Not exactly sure, but I have ESPP and my bonuses are RSUs",,10,Not clear at all,"Product marketing has become undefined and just a popular title that is losing its meaning. Content marketing has become unpopular, but that is what most of us do. meawhile, content marketers can't get jobs because they are not ""product matketers"" and if they do, their salary is much lower.","Chat GPT, Gemeni","Speed up content creation for launches, messaging, and campaigns, Analyze data faster and reach better insights using AI tools",No,,
12/21/2025 17:54:12,Yes,Female,30-34,Fintech,$250M–$500M,"501 - 1,000",B2B,Public company,Product Marketing Manager,2,2-3 role as product marketing,Marketing,4-5,1-3,Marketing,11+,5+,"Product positioning and messaging, Managing product launches, Customer and market research, Upsell acceleration, Creating sales collateral, Content marketing, Customers retention (PLG & SLG support), Product roadmap planning, Storytelling, Reporting on product marketing success","Product, Marketing, Sales, Sales enablement",27000,-,,5,Clear for some,,"Chat GPT, Notion AI, Notebook LM","Learn how to automate repetitive tasks, Discover AI tools for better customer insights, Improve collaboration with product, growth, and sales using shared AI workflows",No,,
12/21/2025 18:18:44,Yes,Male,30-34,Computer Software,$500M–$1B,"1,001 - 5,000",B2E,Public company,Product Marketing Manager,1,2-3 role as product marketing,Product,4-5,6+,Marketing,8-10,2,"Product positioning and messaging, Managing product launches, Upsell acceleration, Creating sales collateral, Content marketing","Product, Marketing",34000,-,"חל״ד לגברים, חדר כושר / Freefit",7,Clear for everyone,,"Gemeni, Notebook LM","Learn how to automate repetitive tasks, Improve collaboration with product, growth, and sales using shared AI workflows, Analyze data faster and reach better insights using AI tools",No,,
12/21/2025 19:32:51,Yes,Female,35-39,"Logistics, retail, robotics ",Up to $10M,51 - 200,B2B,Early post-product market fit,Product Marketing Manager,2,2-3 role as product marketing,Marketing,4-5,4-5,Marketing,1,3,"Product positioning and messaging, Managing product launches, Creating sales collateral, Website management, Product roadmap planning, Storytelling","Product, Sales",31500,000,סיבוס,9,Clear for some,,"Chat GPT, Gemeni","Learn how to automate repetitive tasks, Discover AI tools for better customer insights",No,,
12/21/2025 21:46:55,Yes,Male,40-44,Sports Tech,$100M–$250M,"501 - 1,000",B2B,Late growth/scale up,Product Marketing Manager,Almost 2,It's my first role as PMM,Marketing,1-3,4-5,Marketing,5-7,5+,"Product positioning and messaging, Managing product launches, Customer and market research, Creating sales collateral, Customers retention (PLG & SLG support), Storytelling, Reporting on product marketing success","Product, Marketing, Sales, Customer Success, Sales enablement",27000,"IDK (options only, not a public company)","תקציב למשרד בבית, קורסים והכשרות, חדר כושר / Freefit",9,Clear for everyone,,"Chat GPT, Gemeni, Canva, Notebook LM","Speed up content creation for launches, messaging, and campaigns, Analyze data faster and reach better insights using AI tools",Yes,Mainly for video creation and competitive analysis ,
12/21/2025 23:50:21,Yes,Female,35-39,Computer Software,$100M–$250M,"1,001 - 5,000",B2B,Public company,Product Marketing Manager,Recently joined ,It's my first role as PMM,"Marketing, Customer Success / Support, Data Analysis, Market research ",4-5,6+,Marketing,2-4,4,"Product positioning and messaging, Managing product launches, Customer and market research, Creating sales collateral, Customers retention (PLG & SLG support), Product roadmap planning, Storytelling","Product, Marketing, Delivery",25500,26700,"קורסים והכשרות, חדר כושר / Freefit, קייטרינג, ימי מחלה מהיום הראשון ללא אישור מחלה, גמישות עבודה מהבית",8,Clear for everyone,,"Chat GPT, Gemeni","Improve collaboration with product, growth, and sales using shared AI workflows, Analyze data faster and reach better insights using AI tools, Better connection & engagement with customers, streamlined customer & persona research, collection of feedback from sales ",No,,
12/21/2025 23:51:59,Yes,Female,35-39,Health-tech,$10M–$50M,11 - 50,B2B,Mid-growth with established go-to-market team,Product Marketing Manager,2,It's my first role as PMM,Marketing,1-3,1-3,Product,1,1,"Product positioning and messaging, Customer and market research, Content marketing, Onboarding customers, Customers retention (PLG & SLG support), Storytelling","Product, Marketing, Sales, R&D",28000,28000,,9,Not clear at all,,"Claude, Chat GPT, Gemeni, Canva, Notebook LM","Learn how to automate repetitive tasks, Discover AI tools for better customer insights, Speed up content creation for launches, messaging, and campaigns, Analyze data faster and reach better insights using AI tools",No,,
12/22/2025 1:47:19,Yes,Female,45-54,Computer & Network Security,$10M–$50M,51 - 200,B2B,Late growth/scale up,Product Marketing Manager,1.5,2-3 role as product marketing,"Marketing, Customer Success / Support",1-3,4-5,Marketing,2-4,2,"Managing product launches, Customer and market research, Creating sales collateral","Product, Marketing",27000,36000,,4,Clear for some,,"Chat GPT, Perplexity","Discover AI tools for better customer insights, Improve collaboration with product, growth, and sales using shared AI workflows, Analyze data faster and reach better insights using AI tools",No,,
12/23/2025 12:18:12,Yes,Female,35-39,Software development ,$50M–$100M,51 - 200,B2B,Late growth/scale up,Product Marketing Manager,0.5,2-3 role as product marketing,Marketing,0-1,6+,Marketing,2-4,3,"Product positioning and messaging, Managing product launches, Customer and market research, Creating sales collateral, Content marketing, Storytelling","Product, Sales, Sales enablement",21000,10000,"חל״ד לגברים, קורסים והכשרות, טלפון, ימי חופש ללא הגבלה, חדר כושר / Freefit",9,Clear for a few,,"Chat GPT, Perplexity","Learn how to automate repetitive tasks, Discover AI tools for better customer insights, Speed up content creation for launches, messaging, and campaigns, Improve collaboration with product, growth, and sales using shared AI workflows, Analyze data faster and reach better insights using AI tools",No,,
12/23/2025 12:37:00,Yes,Male,30-34,Fintech,$100M–$250M,"501 - 1,000",B2B,Late growth/scale up,Product Marketing Manager,1.5,2-3 role as product marketing,Marketing,4-5,1-3,Marketing,2-4,3,"Product positioning and messaging, Managing product launches, Upsell acceleration, Onboarding customers, Customers retention (PLG & SLG support), Storytelling","Product, Marketing",30000,60000,"חל״ד לגברים, קורסים והכשרות, חדר כושר / Freefit",4,Clear for a few,,"Chat GPT, Gemeni, Notebook LM","Learn how to automate repetitive tasks, Speed up content creation for launches, messaging, and campaigns, Improve collaboration with product, growth, and sales using shared AI workflows, Analyze data faster and reach better insights using AI tools",No,,No. Thank you for doing this! We missed you guys! Also when is the next pmmicon? ;)
12/23/2025 14:05:42,Yes,Male,30-34,Marketplace,Don't Know,201 - 500,B2B,Public company,Product Marketing Manager,1,2-3 role as product marketing,Marketing,1-3,4-5,Marketing,2-4,1,"Product positioning and messaging, Creating sales collateral, Onboarding customers, Customers retention (PLG & SLG support), Storytelling, Reporting on product marketing success","Product, Sales, Customer Success",24000,0,חדר כושר / Freefit,8,Not clear at all,,"Chat GPT, Notebook LM","Learn how to automate repetitive tasks, Discover AI tools for better customer insights, Speed up content creation for launches, messaging, and campaigns, Improve collaboration with product, growth, and sales using shared AI workflows, Analyze data faster and reach better insights using AI tools",Yes,Bquery + Data analystics ,You guys rock <3
12/23/2025 19:45:00,Yes,Female,30-34,Marketing & Advertising,Up to $10M,11 - 50,B2B,Early post-product market fit,Product Marketing Manager,2,It's my first role as PMM,Marketing,1-3,1-3,Marketing,2-4,1,"Product positioning and messaging, Customer and market research, Content marketing, Lead gen",Sales,13000,25000,Bonuses for leads,1,Clear for a few,,"Chat GPT, Canva","Learn how to automate repetitive tasks, Speed up content creation for launches, messaging, and campaigns",No,,
12/25/2025 14:19:13,Yes,Female,30-34,Ai videos & images ,Don't Know,"501 - 1,000",B2B,Late growth/scale up,Product Marketing Manager,1,It's my first role as PMM,Marketing,0-1,6+,Marketing,8-10,3,"Product positioning and messaging, Managing product launches, Customer and market research, Website management","Product, Marketing, Sales, Customer Success, Sales enablement, Business Development",30000,Options,"חדר כושר / Freefit, קייטרינג, 1000 wellness budget ",9,Clear for everyone,,"Claude, Chat GPT, Gemeni, Notion AI, gamma","Speed up content creation for launches, messaging, and campaigns, Analyze data faster and reach better insights using AI tools",No,,
12/25/2025 14:35:58,Yes,Female,25-29,HR Tech,$10M–$50M,11 - 50,B2B,Early post-product market fit,Product Marketing Manager,1,2-3 role as product marketing,Marketing,1-3,1-3,CEO,1,1,"Product positioning and messaging, Managing product launches, Customer marketing, Content marketing, Website management, Storytelling","Product, Marketing, Sales, R&D",22000,No,,8,Not clear at all,,"Claude, Chat GPT, Canva","Learn how to automate repetitive tasks, Speed up content creation for launches, messaging, and campaigns",No,,
12/25/2025 14:47:50,Yes,Male,40-44,Information Technology & Services,$10M–$50M,51 - 200,B2B,Late growth/scale up,Product Marketing Manager,0.5,2-3 role as product marketing,"Marketing, Sales, Product",4-5,6+,Product,1,3,"Product positioning and messaging, Managing product launches, Customer and market research, Customer marketing, Creating sales collateral, Onboarding customers, Customers retention (PLG & SLG support), Storytelling, Reporting on product marketing success","Product, Marketing, Customer Success",25000,0,,3,Not clear at all,,"Chat GPT, Gemeni, Canva, Perplexity, Notebook LM","Learn how to automate repetitive tasks, Discover AI tools for better customer insights, Speed up content creation for launches, messaging, and campaigns, Analyze data faster and reach better insights using AI tools",Yes,I've set up tasks to crawl the web and do competitor insights,
12/25/2025 14:55:17,Yes,Female,45-54,Intelligence and security ,Don't Know,"1,001 - 5,000",B2G,Public company,Product Marketing Manager,4,It's my first role as PMM,Security ,1-3,6+,Product,2-4,5+,"Product positioning and messaging, Customer marketing, Content marketing","Product, Marketing, Sales, Sales enablement",30000,?,,7,Clear for some,,"Chat GPT, Canva, Perplexity","Discover AI tools for better customer insights, Speed up content creation for launches, messaging, and campaigns",No,,
12/25/2025 15:12:12,Yes,Male,35-39,Automotive ,$50M–$100M,"501 - 1,000",B2B,Late growth/scale up,Product Marketing Manager,4,2-3 role as product marketing,"Marketing, Product",6+,6+,Marketing,5-7,5+,"Product positioning and messaging, Customer and market research, Creating sales collateral, Product roadmap planning","Product, Sales, Sales enablement",30000,400000,,3,Not clear at all,,Chat GPT,"Learn how to automate repetitive tasks, Speed up content creation for launches, messaging, and campaigns, Improve collaboration with product, growth, and sales using shared AI workflows",No,,
12/25/2025 15:32:16,Yes,Male,35-39,Computer Software,$50M–$100M,201 - 500,B2B,Mid-growth with established go-to-market team,Product Marketing Manager,1,2-3 role as product marketing,Marketing,4-5,1-3,Marketing,2-4,4,"Product positioning and messaging, Managing product launches, Customer and market research, Customer marketing, Creating sales collateral, Customers retention (PLG & SLG support), Partnerships","Product, Marketing, Sales, Customer Success",27000,20000,קורסים והכשרות,7,Clear for a few,,"Claude, Chat GPT, Gemeni, Perplexity, Notebook LM","Learn how to automate repetitive tasks, Discover AI tools for better customer insights, Improve collaboration with product, growth, and sales using shared AI workflows",Yes,Competitive landscape updates,
12/25/2025 15:35:49,Yes,Female,45-54,Computer Software,$50M–$100M,"10,000+",B2B,Late growth/scale up,Product Marketing Manager,2,It's my first role as PMM,"Marketing, Data Analysis",1-3,6+,Marketing,8-10,5+,"Product positioning and messaging, Managing product launches, Customer marketing, Upsell acceleration, Creating sales collateral, Content marketing, Website management, Storytelling","Product, Marketing, Sales, Sales enablement",23300,25000,עבודה מהבית,4,Clear for some,,"Chat GPT, Canva","Learn how to automate repetitive tasks, Discover AI tools for better customer insights, Speed up content creation for launches, messaging, and campaigns, Improve collaboration with product, growth, and sales using shared AI workflows",No,,
12/25/2025 16:02:57,Yes,Male,35-39,Information Technology & Services,$250M–$500M,"501 - 1,000",B2C,Public company,Product Marketing Manager,1,2-3 role as product marketing,"Marketing, Design / UX, Data Analysis",4-5,6+,Business Development,8-10,2,"Product positioning and messaging, Managing product launches, Customer and market research, Customers retention (PLG & SLG support), Product roadmap planning, Storytelling, Reporting on product marketing success","Product, Customer Success",26000,50000,"חל״ד לגברים, חדר כושר / Freefit",4,Clear for a few,,"Claude, Chat GPT, Gemeni","Learn how to automate repetitive tasks, Discover AI tools for better customer insights, Speed up content creation for launches, messaging, and campaigns, Analyze data faster and reach better insights using AI tools",Yes,Customer data analysis - Daily digest,
12/25/2025 16:08:41,Yes,Female,35-39,Computer Software,Don't Know,"1,001 - 5,000",B2C,Public company,Product Marketing Manager,4,2-3 role as product marketing,Marketing,4-5,6+,Marketing,11+,5+,"Product positioning and messaging, Managing product launches, Customer and market research, Website management, Storytelling, Reporting on product marketing success",Product,25000,60000,חדר כושר / Freefit,2,Clear for everyone,,"Claude, Chat GPT, Notebook LM","Learn how to automate repetitive tasks, Discover AI tools for better customer insights, Analyze data faster and reach better insights using AI tools",No,,
12/25/2025 17:02:04,Yes,Female,35-39,Computer Software,$100M–$250M,"1,001 - 5,000",B2B,Public company,Product Marketing Manager,Just started,It's my first role as PMM,"Marketing, Customer Success / Support",4-5,6+,Marketing,2-4,4,"Product positioning and messaging, Managing product launches, Customer and market research, Creating sales collateral, Customers retention (PLG & SLG support), Product roadmap planning, Storytelling","Product, Marketing, Sales, Sales enablement, Delivery","25,500",26900,"קורסים והכשרות, חדר כושר / Freefit, קייטרינג",8,Clear for everyone,,"Chat GPT, Gemeni, Internal AI","Learn how to automate repetitive tasks, Discover AI tools for better customer insights, Speed up content creation for launches, messaging, and campaigns",No,,
12/25/2025 17:53:06,Yes,Female,25-29,E-learning,Up to $10M,11 - 50,B2B,Early post-product market fit,Product Marketing Manager,1 week ,2-3 role as product marketing,Customer Success / Support,0-1,4-5,Marketing,1,2,"Product positioning and messaging, Managing product launches, Customer and market research, Customer marketing, Upsell acceleration, Creating sales collateral, Content marketing, Website management, Customers retention (PLG & SLG support), Storytelling, Reporting on product marketing success","Product, Marketing, Sales, Customer Success, R&D",23500,0 (equity only – 0.1% options),סיבוס,7,Clear for everyone,,"Chat GPT, Notion AI, Canva, gamma, Timeless, Base44","Learn how to automate repetitive tasks, Discover AI tools for better customer insights, Speed up content creation for launches, messaging, and campaigns, Analyze data faster and reach better insights using AI tools",Yes,"Yes. I use AI tools like Timeless to automatically record, summarize, and extract action items from customer and internal sessions, manage everything in Notion, and distribute summaries via email.",
12/25/2025 20:39:30,Yes,Male,35-39,Maritime,$10M–$50M,51 - 200,B2B,Early post-product market fit,Product Marketing Manager,2,It's my first role as PMM,Marketing,1-3,6+,Marketing,2-4,5+,"Product positioning and messaging, Managing product launches, Customer and market research, Customer marketing, Upsell acceleration, Creating sales collateral, Content marketing, Website management, Onboarding customers, Product roadmap planning, Storytelling, Reporting on product marketing success","Product, Marketing, Sales, Customer Success",25000,2500,,4,Not clear at all,,"Claude, Chat GPT, Canva, Perplexity","Learn how to automate repetitive tasks, Competative analysis ",No,,"When it comes to content creation—not just refining—I don’t believe AI tools live up to the hype. At the end of the day, they can’t match the value a sharp PMM brings to the table.

It’s important not to waste time and resources on tools that don’t move the needle, especially when that energy could be better spent on what truly matters."
12/28/2025 11:55:10,Yes,Female,35-39,E-learning,$250M–$500M,51 - 200,B2B,Public company,Product Marketing Manager,1,2-3 role as product marketing,"Marketing, Customer Success / Support, Content writing ",4-5,6+,Product,2-4,5+,"Product positioning and messaging, Customer and market research, Creating sales collateral, Storytelling","Product, Marketing, Sales, Sales enablement",23000,25000,"קורסים והכשרות, חדר כושר / Freefit",4,Clear for some,,"Claude, Perplexity","Discover AI tools for better customer insights, Improve collaboration with product, growth, and sales using shared AI workflows, Analyze data faster and reach better insights using AI tools",No,,
12/28/2025 20:57:50,Yes,Female,40-44,Information Technology & Services,Up to $10M,11 - 50,B2C,Early post-product market fit,Product Marketing Manager,3,"Mid-level management (lead, team lead)",Marketing,1-3,4-5,Marketing,2-4,1,"Product positioning and messaging, Managing product launches, Customer marketing, Upsell acceleration, Creating sales collateral, Content marketing, Website management, Onboarding customers","Product, Marketing, Sales, Customer Success, Sales enablement",25000,26000,,6,Not clear at all,,"Chat GPT, Gemeni, Notebook LM","Learn how to automate repetitive tasks, Speed up content creation for launches, messaging, and campaigns, Analyze data faster and reach better insights using AI tools",Yes,Blog refreshes,
12/28/2025 22:52:13,Yes,Male,45-54,Manufacturing,$2B+,"10,000+",D2C / Physical Goods,Public company,Product Marketing Manager,2,2-3 role as product marketing,"Product, R&D",6+,6+,Product,2-4,3,"Product positioning and messaging, Managing product launches, Customer and market research, Upsell acceleration, Product roadmap planning, Competitive landscape, pricing, GTM, ","Product, Sales, Business Development",37000,50000,חדר כושר / Freefit,3,Clear for everyone,,Copilot,"Improve collaboration with product, growth, and sales using shared AI workflows",No,,
12/30/2025 13:47:10,Yes,Female,30-34,Human Resources,$50M–$100M,"501 - 1,000",B2B,Public company,Product Marketing Manager,2,2-3 role as product marketing,"Marketing, Product, Data Analysis",1-3,6+,Marketing,1,5+,"Product positioning and messaging, Customer and market research, Creating sales collateral, Content marketing, Website management, Reporting on product marketing success","Marketing, Sales enablement, Business Development",21000,22000,קורסים והכשרות,3,Not clear at all,,"Chat GPT, Perplexity, gamma","Learn how to automate repetitive tasks, Improve collaboration with product, growth, and sales using shared AI workflows",No,,
12/31/2025 11:30:09,Yes,Female,35-39,Computer & Network Security,$10M–$50M,51 - 200,B2B,Mid-growth with established go-to-market team,Product Marketing Manager,3,It's my first role as PMM,Marketing,1-3,6+,Marketing,1,1,"Product positioning and messaging, Managing product launches, Creating sales collateral","Product, Sales",28000,N/A,"קורסים והכשרות, ימי חופש ללא הגבלה",2,Clear for some,,"Chat GPT, Gemeni, Notebook LM, Genspark","Learn how to automate repetitive tasks, Discover AI tools for better customer insights, Speed up content creation for launches, messaging, and campaigns, Improve collaboration with product, growth, and sales using shared AI workflows, Analyze data faster and reach better insights using AI tools",No,,
1/5/2026 18:05:52,Yes,Female,35-39,Computer Software,$1B–$2B,"1,001 - 5,000",B2C,Public company,Product Marketing Manager,5,It's my first role as PMM,Marketing,4-5,6+,Marketing,11+,5+,"Product positioning and messaging, Managing product launches, Customer and market research, Customer marketing, Onboarding customers","Product, Marketing",27000,37000,"טלפון, חדר כושר / Freefit, קייטרינג",6,Clear for some,,"Chat GPT, Gemeni",Learn how to automate repetitive tasks,No,,
1/5/2026 19:55:56,Yes,Female,25-29,Fintech,Up to $10M,11 - 50,B2B,Mid-growth with established go-to-market team,Product Marketing Manager,2,It's my first role as PMM,"Marketing, Design / UX",1-3,0-1,Marketing,1,3,"Product positioning and messaging, Managing product launches, Customer marketing, Creating sales collateral, Website management, Reporting on product marketing success","Product, Marketing, Sales, Customer Success",16000,1000,"קורסים והכשרות, cibus",4,Clear for some,,Claude,"Learn how to automate repetitive tasks, Analyze data faster and reach better insights using AI tools",No,,
1/6/2026 14:46:04,Yes,Female,40-44,Health-tech,$10M–$50M,51 - 200,B2C,Late growth/scale up,Product Marketing Manager,1.5,2-3 role as product marketing,"Marketing, Product",4-5,6+,Marketing,1,1,"Managing product launches, Customer and market research, Onboarding customers, Customers retention (PLG & SLG support), Product roadmap planning, Storytelling, Reporting on product marketing success",R&D,25000,3000,,2,Not clear at all,,"Chat GPT, Gemeni, Canva, Notebook LM","Discover AI tools for better customer insights, Speed up content creation for launches, messaging, and campaigns, Analyze data faster and reach better insights using AI tools",No,,
1/6/2026 18:58:06,Yes,Female,30-34,Computer Software,$1B–$2B,"5,001 - 10,000",B2C,Public company,Product Marketing Manager,5,It's my first role as PMM,"Marketing, Sales",4-5,1-3,Marketing,11+,5+,"Product positioning and messaging, Customer and market research, Content marketing, Customers retention (PLG & SLG support), Storytelling, Reporting on product marketing success","Product, Customer Success",23000,32000,"חל״ד לגברים, קורסים והכשרות, טלפון, חדר כושר / Freefit, קייטרינג",3,Not clear at all,,"Chat GPT, Gemeni","Discover AI tools for better customer insights, Speed up content creation for launches, messaging, and campaigns, Improve collaboration with product, growth, and sales using shared AI workflows, Analyze data faster and reach better insights using AI tools",No,,
1/6/2026 18:59:25,Yes,Female,40-44,Computer Software,$1B–$2B,"5,001 - 10,000",B2C,Public company,Product Marketing Manager,5,2-3 role as product marketing,Marketing,6+,6+,Marketing,11+,5+,"Product positioning and messaging, Managing product launches, Customer and market research, Customer marketing, Content marketing, Website management, Storytelling, Reporting on product marketing success","Product, Marketing, Customer Success",26000,35600,"חל״ד לגברים, קורסים והכשרות, חדר כושר / Freefit, קייטרינג",2,Clear for some,,"Chat GPT, Gemeni, Canva","Learn how to automate repetitive tasks, Analyze data faster and reach better insights using AI tools",No,,
1/6/2026 19:00:27,Yes,Female,30-34,Sites ,$2B+,"1,001 - 5,000",B2B,Public company,Product Marketing Manager,3.5,It's my first role as PMM,Economic ,4-5,1-3,Marketing,8-10,5+,Product positioning and messaging,"Product, Marketing",23000,26000,"חל״ד לגברים, טלפון, חדר כושר / Freefit, קייטרינג",10,Clear for everyone,,"Chat GPT, Gemeni",Discover AI tools for better customer insights,Yes,,
1/6/2026 19:29:02,Yes,Male,45-54,Computer Software,$10M–$50M,51 - 200,B2C,Late growth/scale up,Product Marketing Manager,0.5,2-3 role as product marketing,Marketing,1-3,6+,Product,2-4,2,"Product positioning and messaging, Customer and market research, Creating sales collateral, Reporting on product marketing success","Product, Marketing, Sales",27500,28000,תקציב למשרד בבית,9,Clear for some,,"Claude, Gemeni, gamma","Learn how to automate repetitive tasks, Improve collaboration with product, growth, and sales using shared AI workflows, Analyze data faster and reach better insights using AI tools",Yes,"Scraping competitors news and sharing with company, other Zapier automation for social media monitoring, etc.",
1/6/2026 19:40:47,Yes,Male,35-39,Multidisciplinary - Industrial Hardware & Software,$100M–$250M,"1,001 - 5,000",B2B,Late growth/scale up,Product Marketing Manager,4,"Mid-level management (lead, team lead)","Marketing, Sales, Customer Success / Support",4-5,4-5,Marketing,2-4,5+,"Product positioning and messaging, Managing product launches, Customer and market research, Upsell acceleration, Creating sales collateral, Content marketing, Product roadmap planning, Reporting on product marketing success","Product, Marketing, Sales, Sales enablement, R&D",27000,350000,טלפון,2,Clear for everyone,,"Chat GPT, Gemeni, Notebook LM","Learn how to automate repetitive tasks, Discover AI tools for better customer insights, Speed up content creation for launches, messaging, and campaigns",No,,
1/7/2026 12:47:39,Yes,Female,35-39,Computer & Network Security,Up to $10M,11 - 50,B2B,Mid-growth with established go-to-market team,Product Marketing Manager,6 months,2-3 role as product marketing,Marketing,1-3,6+,Marketing,5-7,2,"Product positioning and messaging, Managing product launches, Customer and market research, Upsell acceleration, Creating sales collateral","Product, Marketing, Sales, Customer Success",28000,/,,9,Clear for everyone,,"Claude, Chat GPT, Gemeni, Canva",Analyze data faster and reach better insights using AI tools,No,,
1/8/2026 17:03:08,Yes,Female,35-39,Location intelligence platform ,$100M–$250M,"501 - 1,000",B2B,Mid-growth with established go-to-market team,Product Marketing Manager,6 months ,It's my first role as PMM,I have an army career ,0-1,0-1,Marketing,5-7,5+,"Product positioning and messaging, Managing product launches, Creating sales collateral, Content marketing, Website management, Customers retention (PLG & SLG support), Storytelling, Reporting on product marketing success",Product,20000,I’m not sure ,"תקציב למשרד בבית, ימי חופש ללא הגבלה, תקציב לאוכל במקום סיבוס",3,Clear for everyone,,"Claude, Chat GPT, Gemini, Canva, Giudde","Discover AI tools for better customer insights, Speed up content creation for launches, messaging, and campaigns, Improve collaboration with product, growth, and sales using shared AI workflows",No,,
1/8/2026 17:33:34,Yes,Female,30-34,Computer Software,$2B+,"10,000+",B2B,Public company,Product Marketing Manager,2,It's my first role as PMM,Marketing,1-3,6+,Marketing,11+,5+,"Customer marketing, Creating sales collateral, Content marketing, Storytelling","Product, Marketing, Sales",23500,29000,"טלפון, ימי חופש ללא הגבלה, קייטרינג",4,Clear for some,,Chat GPT,"Learn how to automate repetitive tasks, Speed up content creation for launches, messaging, and campaigns",No,,
1/8/2026 18:30:02,Yes,Female,40-44,Fintech,$250M–$500M,"1,001 - 5,000",B2B,Public company,Product Marketing Manager,8 months ,2-3 role as product marketing,"Marketing, Sales, Customer Success / Support, 15 years of verity marketing roles",1-3,6+,Marketing,11+,5+,"Product positioning and messaging, Managing product launches, Customer and market research, Creating sales collateral, Content marketing, Storytelling, Reporting on product marketing success","Product, Marketing, Sales, Sales enablement, Business Development",28000,31000,"טלפון, Once every 3 years ",1,Clear for some,,"Claude, Chat GPT, Gemini, Perplexity, Notebook LM, gamma","Discover AI tools for better customer insights, Analyze data faster and reach better insights using AI tools",No,,
1/9/2026 0:10:26,Yes,Female,30-34,Utilites ,$10M–$50M,51 - 200,B2B,Late growth/scale up,Product Marketing Manager,2.5,It's my first role as PMM,Marketing,1-3,1-3,Marketing,2-4,3,"Product positioning and messaging, Managing product launches, Customer and market research, Creating sales collateral, Product roadmap planning, Storytelling","Product, Marketing, Sales",19000,2500,"קורסים והכשרות, חדר כושר / Freefit",5,Clear for a few,,"Chat GPT, Canva, Perplexity","Discover AI tools for better customer insights, Speed up content creation for launches, messaging, and campaigns, Improve collaboration with product, growth, and sales using shared AI workflows, Analyze data faster and reach better insights using AI tools",No,,
1/9/2026 15:02:54,Yes,Female,30-34,Information Technology & Services,Up to $10M,51 - 200,B2B,Late growth/scale up,Product Marketing Manager,2,It's my first role as PMM,Customer Success / Support,1-3,1-3,Marketing,1,5+,"Product positioning and messaging, Managing product launches, Customer and market research, Creating sales collateral, Content marketing, Website management, Storytelling","Sales, Business Development, R&D",25000,25000,,10,Not clear at all,,"Chat GPT, Gemini, Canva, Perplexity, Notebook LM","Learn how to automate repetitive tasks, Discover AI tools for better customer insights, Speed up content creation for launches, messaging, and campaigns, Analyze data faster and reach better insights using AI tools",No,,
1/9/2026 19:29:37,Yes,Female,40-44,Computer & Network Security,$50M–$100M,"501 - 1,000",B2B,Late growth/scale up,Product Marketing Manager,1,2-3 role as product marketing,Product,1-3,1-3,Marketing,5-7,5+,"Product positioning and messaging, Creating sales collateral, Storytelling","Product, Marketing, Sales, Sales enablement",40000,150000,"תקציב למשרד בבית, Well being monthly budget",8,Clear for some,,Chat GPT,"Speed up content creation for launches, messaging, and campaigns, Analyze data faster and reach better insights using AI tools",No,,
1/11/2026 0:11:31,Yes,Male,30-34,Fintech,Don't Know,"1,001 - 5,000",B2B,Public company,Product Marketing Manager,2,2-3 role as product marketing,"Marketing, Sales, Customer Success / Support",1-3,1-3,Marketing,8-10,5+,"Product positioning and messaging, Managing product launches, Customer and market research, Creating sales collateral, Storytelling","Product, Marketing, Sales, Sales enablement, Business Development",25000,27000,חדר כושר / Freefit,6,Clear for a few,,"Chat GPT, Gemini, Perplexity, Notebook LM","Learn how to automate repetitive tasks, Speed up content creation for launches, messaging, and campaigns, Analyze data faster and reach better insights using AI tools",No,,
1/15/2026 3:20:19,Yes,Female,25-29,Fintech,$10M–$50M,51 - 200,B2B,Mid-growth with established go-to-market team,Product Marketing Manager,1.5,It's my first role as PMM,"Marketing, Sales",1-3,0-1,Marketing,2-4,5+,"Customer and market research, Customer marketing, Creating sales collateral, Reporting on product marketing success","Product, Marketing, Sales, Customer Success",18000,Idk,חדר כושר / Freefit,8,Clear for some,,Chat GPT,"Discover AI tools for better customer insights, Improve collaboration with product, growth, and sales using shared AI workflows, Analyze data faster and reach better insights using AI tools, Competitive analysis that will help me find relevant competitors and relevant fields of competing ",No,,
1/29/2026 17:42:10,Yes,Female,30-34,Health-tech,$100M–$250M,"1,001 - 5,000",B2B,Late growth/scale up,Product Marketing Manager,6,It's my first role as PMM,"Marketing, Sales",4-5,4-5,Product,2-4,1,"Product positioning and messaging, Managing product launches, Customer and market research, Customer marketing, Upsell acceleration, Creating sales collateral, Content marketing, Website management, Onboarding customers, Storytelling, Reporting on product marketing success","Product, Marketing, Sales, Customer Success, Sales enablement, Business Development",22000,0,טלפון,1,Clear for some,,"Chat GPT, Canva, Notebook LM","Discover AI tools for better customer insights, Speed up content creation for launches, messaging, and campaigns, Analyze data faster and reach better insights using AI tools",No,,
12/21/2025 15:12:39,Yes,Male,35-39,Computer & Network Security,$2B+,"10,000+",B2B,Public company,Senior Product Marketing Manager,2.5,2-3 role as product marketing,Marketing,6+,0-1,Marketing,11+,5+,"Product positioning and messaging, Managing product launches, Upsell acceleration, Creating sales collateral, Storytelling","Product, Marketing, Sales, Sales enablement",47000,"75,000","טלפון, חדר כושר / Freefit",10,Not clear at all,עובד בקופורייט אמריקאי גדול (לא גאמפא),"Chat GPT, Gemeni, Notebook LM","Learn how to automate repetitive tasks, Discover AI tools for better customer insights, Analyze data faster and reach better insights using AI tools",No,,
12/21/2025 15:54:43,Yes,Female,35-39,Computer Software,$10M–$50M,51 - 200,B2B,Mid-growth with established go-to-market team,Senior Product Marketing Manager,3,2-3 role as product marketing,Marketing,4-5,4-5,Marketing,2-4,3,"Product positioning and messaging, Managing product launches, Customer and market research, Upsell acceleration, Creating sales collateral, Website management, Customers retention (PLG & SLG support), Product roadmap planning, Storytelling, Reporting on product marketing success","Product, Marketing, Sales, Customer Success, R&D",30000,35k,קורסים והכשרות,7,Not clear at all,,"Claude, Chat GPT, Gemeni, Canva, Perplexity, Notebook LM, gamma, AI Addons to current features. And also Grok:)","Learn how to automate repetitive tasks, Discover AI tools for better customer insights, Speed up content creation for launches, messaging, and campaigns, Analyze data faster and reach better insights using AI tools",No,,
12/21/2025 19:25:30,Yes,Female,40-44,Computer Software,Don't Know,"10,000+",B2B,Public company,Senior Product Marketing Manager,1,2-3 role as product marketing,Marketing,4-5,6+,Product,5-7,5+,"Product positioning and messaging, Managing product launches, Upsell acceleration, Creating sales collateral, Content marketing, Storytelling","Product, Marketing, Sales, Customer Success, Sales enablement",34000,NA,חל״ד לגברים,7,Clear for some,,"Chat GPT, Gemeni, Perplexity","Learn how to automate repetitive tasks, Discover AI tools for better customer insights, Speed up content creation for launches, messaging, and campaigns, Analyze data faster and reach better insights using AI tools",No,,
12/21/2025 20:11:22,Yes,Female,30-34,Computer Software,Don't Know,201 - 500,B2B,Mid-growth with established go-to-market team,Senior Product Marketing Manager,1,2-3 role as product marketing,Marketing,4-5,6+,Marketing,5-7,5+,"Product positioning and messaging, Managing product launches, Customer and market research, Customer marketing, Upsell acceleration, Customers retention (PLG & SLG support), Product roadmap planning, Storytelling, Reporting on product marketing success","Product, Marketing, Sales, Customer Success",38000,-,ימי חופש ללא הגבלה,7,Clear for some,,"Claude, Chat GPT, Gemeni, Notion AI, Canva, Perplexity, Notebook LM","Discover AI tools for better customer insights, Speed up content creation for launches, messaging, and campaigns, Improve collaboration with product, growth, and sales using shared AI workflows, Analyze data faster and reach better insights using AI tools",Yes,,
12/22/2025 11:32:37,Yes,Female,40-44,Computer Software,$100M–$250M,"501 - 1,000",B2B,Public company,Senior Product Marketing Manager,3,2-3 role as product marketing,Marketing,4-5,6+,Marketing,2-4,5+,"Product positioning and messaging, Managing product launches, Customer and market research, Creating sales collateral, Product roadmap planning, Storytelling, Market research, competitive analysis","Product, Marketing, Customer Success",26000,27000,"קורסים והכשרות, חדר כושר / Freefit, קייטרינג",7,Clear for some,,"Claude, Chat GPT, Gemeni, Canva, Perplexity, Notebook LM","Learn how to automate repetitive tasks, Discover AI tools for better customer insights, Speed up content creation for launches, messaging, and campaigns, Improve collaboration with product, growth, and sales using shared AI workflows, Analyze data faster and reach better insights using AI tools",No,,
12/22/2025 18:58:29,Yes,Male,40-44,Computer Software,$50M–$100M,201 - 500,B2C,Late growth/scale up,Senior Product Marketing Manager,2,"Mid-level management (lead, team lead)","Marketing, Data Analysis, Journalism",6+,6+,Marketing,11+,5+,"Product positioning and messaging, Managing product launches, Upsell acceleration, Content marketing, Customers retention (PLG & SLG support), Reporting on product marketing success","Product, Marketing, Customer Success, R&D, Data",32000,0,"קורסים והכשרות, חדר כושר / Freefit",3,Not clear at all,,"Claude, Chat GPT, Gemeni",Analyze data faster and reach better insights using AI tools,Yes,Jira to brief to Jira automations using Zapier,The seniority question doesn't work well for senior ICs. 
12/23/2025 3:48:14,Yes,Female,35-39,Computer Software,$100M–$250M,"501 - 1,000",B2B,Late growth/scale up,Senior Product Marketing Manager,3.5,"Mid-level management (lead, team lead)",Marketing,4-5,6+,Marketing,8-10,5+,"Product positioning and messaging, Managing product launches, Upsell acceleration, Creating sales collateral, Onboarding customers, Customers retention (PLG & SLG support), Storytelling, Reporting on product marketing success","Product, Marketing, Business Development",28000,"Don't know how to calculate,  happy to provide info if you'll explain how..","תקציב למשרד בבית, ימי חופש ללא הגבלה",7,Clear for everyone,,"Gemeni, AI features on G-suite, Monday etc.","Learn how to automate repetitive tasks, Speed up content creation for launches, messaging, and campaigns, Improve collaboration with product, growth, and sales using shared AI workflows",No,,
12/25/2025 14:45:02,Yes,Female,35-39,Green energy,$1B–$2B,"1,001 - 5,000",B2B,Public company,Senior Product Marketing Manager,4,It's my first role as PMM,Marketing,4-5,4-5,Product,5-7,5+,"Product positioning and messaging, Managing product launches, Customer and market research, Customer marketing, Creating sales collateral, Content marketing, Website management, Product roadmap planning, Storytelling, Reporting on product marketing success","Product, Marketing, Sales, R&D",28000,Unkown,"קורסים והכשרות, טלפון",2,Not clear at all,,"Chat GPT, Gemeni",None,No,,
12/25/2025 14:49:23,Yes,Female,35-39,Fintech,$1B–$2B,"1,001 - 5,000",B2C,Public company,Senior Product Marketing Manager,1,2-3 role as product marketing,Marketing,1-3,6+,Marketing,2-4,3,"Product positioning and messaging, Managing product launches, Customer and market research, Customer marketing, Reporting on product marketing success","Product, Marketing, Business Managment ",27500,"50,000$","קורסים והכשרות, חדר כושר / Freefit",9,Clear for some,,"Chat GPT, Gemeni","Learn how to automate repetitive tasks, Discover AI tools for better customer insights, Speed up content creation for launches, messaging, and campaigns, Analyze data faster and reach better insights using AI tools",No,,
12/25/2025 14:52:55,Yes,Female,40-44,Cyber,Up to $10M,51 - 200,B2B,Early post-product market fit,Senior Product Marketing Manager,1.5,"Senior leadership (Director, VP, C-level)","Marketing, Sales",6+,6+,Product,1,2,"Product positioning and messaging, Managing product launches, Customer and market research, Customer marketing, Creating sales collateral, Content marketing, Storytelling, GTM","Product, Marketing, Sales, Customer Success",37000,45000,"תקציב למשרד בבית, קורסים והכשרות, טלפון, חדר כושר / Freefit, תן ביס",4,Clear for some,,"Chat GPT, Canva","Learn how to automate repetitive tasks, Discover AI tools for better customer insights",No,,
12/25/2025 20:18:28,Yes,Female,40-44,Aviation,Don't Know,51 - 200,B2B,Mid-growth with established go-to-market team,Senior Product Marketing Manager,3,2-3 role as product marketing,"Marketing, Sales",6+,4-5,Marketing,2-4,4,"Product positioning and messaging, Managing product launches, Customer and market research, Upsell acceleration, Creating sales collateral, Product roadmap planning, Storytelling, Reporting on product marketing success","Product, Sales, Customer Success, Sales enablement, Business Development, R&D",33000,1200,טלפון,6,Clear for everyone,,"Chat GPT, Gemeni, Canva, Perplexity, Notebook LM","Discover AI tools for better customer insights, Speed up content creation for launches, messaging, and campaigns, Improve collaboration with product, growth, and sales using shared AI workflows, Analyze data faster and reach better insights using AI tools",Yes,,
12/28/2025 18:14:01,Yes,Male,40-44,Computer & Network Security,$50M–$100M,"501 - 1,000",B2B,Mid-growth with established go-to-market team,Senior Product Marketing Manager,2,2-3 role as product marketing,"Sales, Data Analysis, Vendor",6+,6+,Marketing,5-7,5+,"Product positioning and messaging, Customer marketing, Creating sales collateral, Storytelling","Product, Marketing, Sales, Customer Success, Sales enablement, Business Development",43000,45000,"תקציב למשרד בבית, חל״ד לגברים, קורסים והכשרות, Wellness",4,Clear for some,,"Claude, Chat GPT, Gemeni, Perplexity, Notebook LM","Learn how to automate repetitive tasks, Discover AI tools for better customer insights, Speed up content creation for launches, messaging, and campaigns, Improve collaboration with product, growth, and sales using shared AI workflows, Analyze data faster and reach better insights using AI tools",Yes,Agents for marketing,
12/28/2025 22:51:07,Yes,Female,30-34,Hospitality,$10M–$50M,51 - 200,B2B,Early post-product market fit,Senior Product Marketing Manager,3.5,2-3 role as product marketing,Marketing,4-5,6+,Marketing,1,3,"Product positioning and messaging, Managing product launches, Customer marketing, Creating sales collateral, Storytelling, Reporting on product marketing success","Product, Marketing, Sales, Customer Success, Business Development",30000,30000,,7,Clear for some,,"Chat GPT, Gemeni, Notebook LM","Learn how to automate repetitive tasks, Discover AI tools for better customer insights, Speed up content creation for launches, messaging, and campaigns, Improve collaboration with product, growth, and sales using shared AI workflows, Analyze data faster and reach better insights using AI tools",No,,
1/6/2026 16:27:19,Yes,Male,35-39,Information Technology & Services,$1B–$2B,"1,001 - 5,000",B2B,Public company,Senior Product Marketing Manager,1.5,2-3 role as product marketing,"Marketing, Design / UX",6+,1-3,Marketing,11+,5+,"Product positioning and messaging, Managing product launches, Customer and market research, Customer marketing, Creating sales collateral, Website management","Product, Sales, Sales enablement",32000,70000,"תקציב למשרד בבית, חל״ד לגברים, חדר כושר / Freefit, קייטרינג",4,Clear for some,,"Chat GPT, Gemeni, Make","Discover AI tools for better customer insights, Speed up content creation for launches, messaging, and campaigns, Improve collaboration with product, growth, and sales using shared AI workflows, Analyze data faster and reach better insights using AI tools",No,,
1/6/2026 16:45:22,Yes,Male,40-44,Fintech,Up to $10M,11 - 50,B2C,Early post-product market fit,Senior Product Marketing Manager,1,"Mid-level management (lead, team lead)",Marketing,6+,6+,Product,1,1,"Product positioning and messaging, Managing product launches, Customer and market research, Onboarding customers, Product roadmap planning","Product, Marketing, Customer Success, R&D",33000,Na,חדר כושר / Freefit,8,Clear for everyone,,"Claude, Chat GPT, Notion AI","Learn how to automate repetitive tasks, Improve collaboration with product, growth, and sales using shared AI workflows",No,,
1/6/2026 16:52:11,Yes,Male,35-39,I'm on a career break! Replying to the following questions based on the most recent one,$100M–$250M,201 - 500,B2C,Mid-growth with established go-to-market team,Senior Product Marketing Manager,1.5,2-3 role as product marketing,"Marketing, Data Analysis",4-5,1-3,Marketing,2-4,2,"Product positioning and messaging, Managing product launches, Upsell acceleration, Website management, Customers retention (PLG & SLG support), Product roadmap planning","Product, Marketing, R&D",37000,37000,"קורסים והכשרות, חדר כושר / Freefit",7,Clear for everyone,,"Chat GPT, Gemeni, Canva, Perplexity, Notebook LM","Learn how to automate repetitive tasks, Speed up content creation for launches, messaging, and campaigns, Analyze data faster and reach better insights using AI tools",Yes,"For well-structured tasks I build gpts or gems that knows the exact questions I always ask. For example: a table with basic info about a competitor, broken down to value prop, target audience, user reviews etc",❤️ 
1/7/2026 12:44:51,Yes,Female,35-39,Hospitality,$500M–$1B,"501 - 1,000",B2B,Late growth/scale up,Senior Product Marketing Manager,10 months,"Mid-level management (lead, team lead)","Marketing, Product",6+,6+,Marketing,5-7,5+,"Product positioning and messaging, Managing product launches, Upsell acceleration, Creating sales collateral, Website management, Customers retention (PLG & SLG support), Storytelling, Reporting on product marketing success","Product, Marketing, Sales, Customer Success, Sales enablement, Business Development",31000,35000,חדר כושר / Freefit,8,Clear for some,,"Claude, Chat GPT, Gemeni, Notion AI, Canva, Make, Notebook LM","Learn how to automate repetitive tasks, Speed up content creation for launches, messaging, and campaigns, Analyze data faster and reach better insights using AI tools",No,,
1/7/2026 16:17:36,Yes,Male,35-39,Market Research,$50M–$100M,"1,001 - 5,000",B2B,Public company,Senior Product Marketing Manager,1,2-3 role as product marketing,Marketing,4-5,6+,Marketing,8-10,5+,"Product positioning and messaging, Customer and market research, Upsell acceleration, Website management, Storytelling","Product, Marketing, Sales, Customer Success, Sales enablement",37500,20000,"חדר כושר / Freefit, קייטרינג",3,Clear for a few,,"Chat GPT, Gemeni, Notebook LM","Learn how to automate repetitive tasks, Speed up content creation for launches, messaging, and campaigns, Improve collaboration with product, growth, and sales using shared AI workflows, Analyze data faster and reach better insights using AI tools",No,,
1/8/2026 18:16:17,Yes,Female,35-39,Fintech,$100M–$250M,"1,001 - 5,000",B2B,Public company,Senior Product Marketing Manager,1.5,"Mid-level management (lead, team lead)","Marketing, Product",4-5,4-5,Marketing,8-10,5+,"Product positioning and messaging, Managing product launches, Customer and market research, Customer marketing, Creating sales collateral, Content marketing, Website management, Customers retention (PLG & SLG support), Product roadmap planning, Storytelling, Reporting on product marketing success","Product, Marketing, Sales, Business Development",30000,20000,חדר כושר / Freefit,7,Not clear at all,,"Claude, Perplexity, Notebook LM","Learn how to automate repetitive tasks, Discover AI tools for better customer insights, Speed up content creation for launches, messaging, and campaigns, Improve collaboration with product, growth, and sales using shared AI workflows, Analyze data faster and reach better insights using AI tools",No,,
12/21/2025 15:14:43,Yes,Male,45-54,Computer & Network Security,Up to $10M,11 - 50,B2E,Mid-growth with established go-to-market team,VP Marketing / Product Marketing,3,"Senior leadership (Director, VP, C-level)",Marketing,6+,6+,Marketing,1,5+,"Product positioning and messaging, Managing product launches, Customer and market research, Customer marketing, Creating sales collateral, Content marketing, Website management, Product roadmap planning, Storytelling, Reporting on product marketing success, Demand generation","Sales, R&D, Top Management ",45000,45000,,2,Clear for everyone,,"Claude, Chat GPT, Gemeni, Perplexity, Notebook LM, gamma, Runway, midjourney, n8n","Learn how to automate repetitive tasks, Speed up content creation for launches, messaging, and campaigns, Improve collaboration with product, growth, and sales using shared AI workflows",Yes,Automate research and publishing workflows,
12/21/2025 15:47:24,Yes,Female,40-44,Computer Software,$10M–$50M,11 - 50,B2B,Mid-growth with established go-to-market team,VP Marketing / Product Marketing,3,"Senior leadership (Director, VP, C-level)",Founder ,6+,6+,Marketing,1,2,"Product positioning and messaging, Managing product launches, Customer and market research, Customer marketing, Creating sales collateral, Content marketing, Website management, Customers retention (PLG & SLG support), Storytelling, Reporting on product marketing success","Sales, R&D",50000,"540,000 ₪",,10,Clear for some,,"Chat GPT, Gemeni","Speed up content creation for launches, messaging, and campaigns",Yes,,
1/9/2026 1:54:44,Yes,Female,40-44,Computer & Network Security,$50M–$100M,"501 - 1,000",B2B,Late growth/scale up,VP Marketing / Product Marketing,1,"Senior leadership (Director, VP, C-level)","Marketing, Threat intelligence ",6+,4-5,Marketing,5-7,5+,"Product positioning and messaging, Customer and market research, Customer marketing, Upsell acceleration, Creating sales collateral, Content marketing, Storytelling","Product, Marketing, Customer Success, Sales enablement",48000,1250,"תקציב למשרד בבית, קורסים והכשרות, חדר כושר / Freefit",9,Clear for some,,"Chat GPT, Perplexity","Learn how to automate repetitive tasks, Discover AI tools for better customer insights, Speed up content creation for launches, messaging, and campaigns, Analyze data faster and reach better insights using AI tools",No,,Bring back the meetups!
1/9/2026 11:59:25,Yes,Male,35-39,Computer Software,$100M–$250M,"501 - 1,000",B2B,Late growth/scale up,VP Marketing / Product Marketing,7,"Senior leadership (Director, VP, C-level)",Marketing,4-5,6+,Marketing,5-7,4,"Product positioning and messaging, Managing product launches, Customer and market research, Customer marketing, Upsell acceleration, Creating sales collateral, Content marketing, Website management, Storytelling","Product, Marketing, Sales, Customer Success, Sales enablement",52000,Na,"קורסים והכשרות, ימי חופש ללא הגבלה, Cibus",9,Clear for some,,"Chat GPT, Gemini","Speed up content creation for launches, messaging, and campaigns",Yes,"Lead routing, internal reporting",
1/9/2026 17:28:02,Yes,Male,35-39,Computer Software,$10M–$50M,51 - 200,B2B,Late growth/scale up,VP Marketing / Product Marketing,1,"Senior leadership (Director, VP, C-level)","Marketing, Data Analysis",6+,1-3,Marketing,2-4,3,"Product positioning and messaging, Managing product launches, Customer and market research, Customer marketing, Upsell acceleration, Creating sales collateral, Content marketing, Website management, Onboarding customers, Customers retention (PLG & SLG support), Storytelling","Product, Marketing, Sales, Customer Success",40000,45000,"חדר כושר / Freefit, קייטרינג",8,Clear for everyone,,Gemini,Learn how to automate repetitive tasks,Yes,,
2/13/2026 13:06:56,Yes,Female,30-34,Information Technology & Services,$250M–$500M,"501 - 1,000",B2B,Public company,Product Marketing Manager,1,2-3 role as product marketing,Public relations ,4-5,1-3,Marketing,2-4,4,"Product positioning and messaging, Managing product launches, Upsell acceleration, Creating sales collateral, Content marketing, Storytelling","Product, Sales",27000,27000,"קורסים והכשרות, חדר כושר / Freefit",9,Clear for some,,"Chat GPT, Gemini, Canva","Speed up content creation for launches, messaging, and campaigns, Improve collaboration with product, growth, and sales using shared AI workflows",No,,